Country,Afghanistan,Albania,Algeria,Angola,Antigua and Barbuda,Argentina,Australia,Austria,Bahamas,Bangladesh,Barbados,Belarus,Belgium,Belize,Benin,Bolivia,Bosnia and Herzegovina,Botswana,Brazil,Bulgaria,Burkina Faso,Cambodia,Cameroon,Canada,Chile,China,Colombia,"Congo, Dem. Rep.",Costa Rica,Cote d'Ivoire,Croatia,Czech Republic,Denmark,Dominica,Dominican Republic,Ecuador,Egypt,El Salvador,Estonia,Ethiopia,Finland,France,Georgia,Germany,Ghana,Greece,Grenada,Guatemala,Guinea,Guyana,Honduras,"Hong Kong SAR, China",Hungary,India,Indonesia,Iran,Italy,Jamaica,Japan,Jordan,Kazakhstan,Kenya,Kyrgyzstan,Lebanon,Liberia,"Macedonia, FYR",Madagascar,Malawi,Malaysia,Mali,Mauritania,Mauritius,Mexico,Moldova,Mongolia,Morocco,Mozambique,Myanmar,Namibia,Nepal,Netherlands,New Zealand,Nicaragua,Niger,Nigeria,Norway,Pakistan,Panama,Peru,Philippines,Poland,Portugal,Republic of Korea,Romania,Russia,Rwanda,Senegal,Serbia,Sierra Leone,Singapore,Slovenia,South Africa,Spain,Sri Lanka,St. Kitts and Nevis,St. Lucia,St. Vincent and the Grenadines,Suriname,Sweden,Tanzania,Thailand,Togo,Trinidad and Tobago,Tunisia,Turkey,Uganda,Ukraine,United Arab Emirates,United Kingdom,United States,Uruguay,Uzbekistan,Venezuela,Vietnam,Zambia,Zimbabwe,,,,,,,,
Country Code,AFG,ALB,DZA,AGO,ATG,ARG,AUS,AUT,BHS,BGD,BRB,BLR,BEL,BLZ,BEN,BOL,BIH,BWA,BRA,BGR,BFA,KHM,CMR,CAN,CHL,CHN,COL,COD,CRI,CIV,HRV,CZE,DNK,DMA,DOM,ECU,EGY,SLV,EST,ETH,FIN,FRA,GEO,DEU,GHA,GRC,GRD,GTM,GIN,GUY,HND,HKG,HUN,IND,IDN,IRN,ITA,JAM,JPN,JOR,KAZ,KEN,KGZ,LBN,LBR,MKD,MDG,MWI,MYS,MLI,MRT,MUS,MEX,MDA,MNG,MAR,MOZ,MMR,NAM,NPL,NLD,NZL,NIC,NER,NGA,NOR,PAK,PAN,PER,PHL,POL,PRT,KOR,ROU,RUS,RWA,SEN,SRB,SLE,SGP,SVN,ZAF,ESP,LKA,KNA,LCA,VCT,SUR,SWE,TZA,THA,TGO,TTO,TUN,TUR,UGA,UKR,ARE,GBR,USA,URY,UZB,VEN,VNM,ZMB,ZWE,,,,,,,,
Region,South Asia,Eastern Europe & Central Asia,Middle East & North Africa,Sub-Saharan Africa,Latin America & Caribbean,Latin America & Caribbean,East Asia & Pacific,EU + EFTA + North America,Latin America & Caribbean,South Asia,Latin America & Caribbean,Eastern Europe & Central Asia,EU + EFTA + North America,Latin America & Caribbean,Sub-Saharan Africa,Latin America & Caribbean,Eastern Europe & Central Asia,Sub-Saharan Africa,Latin America & Caribbean,EU + EFTA + North America,Sub-Saharan Africa,East Asia & Pacific,Sub-Saharan Africa,EU + EFTA + North America,Latin America & Caribbean,East Asia & Pacific,Latin America & Caribbean,Sub-Saharan Africa,Latin America & Caribbean,Sub-Saharan Africa,EU + EFTA + North America,EU + EFTA + North America,EU + EFTA + North America,Latin America & Caribbean,Latin America & Caribbean,Latin America & Caribbean,Middle East & North Africa,Latin America & Caribbean,EU + EFTA + North America,Sub-Saharan Africa,EU + EFTA + North America,EU + EFTA + North America,Eastern Europe & Central Asia,EU + EFTA + North America,Sub-Saharan Africa,EU + EFTA + North America,Latin America & Caribbean,Latin America & Caribbean,Sub-Saharan Africa,Latin America & Caribbean,Latin America & Caribbean,East Asia & Pacific,EU + EFTA + North America,South Asia,East Asia & Pacific,Middle East & North Africa,EU + EFTA + North America,Latin America & Caribbean,East Asia & Pacific,Middle East & North Africa,Eastern Europe & Central Asia,Sub-Saharan Africa,Eastern Europe & Central Asia,Middle East & North Africa,Sub-Saharan Africa,Eastern Europe & Central Asia,Sub-Saharan Africa,Sub-Saharan Africa,East Asia & Pacific,Sub-Saharan Africa,Sub-Saharan Africa,Sub-Saharan Africa,Latin America & Caribbean,Eastern Europe & Central Asia,East Asia & Pacific,Middle East & North Africa,Sub-Saharan Africa,East Asia & Pacific,Sub-Saharan Africa,South Asia,EU + EFTA + North America,East Asia & Pacific,Latin America & Caribbean,Sub-Saharan Africa,Sub-Saharan Africa,EU + EFTA + North America,South Asia,Latin America & Caribbean,Latin America & Caribbean,East Asia & Pacific,EU + EFTA + North America,EU + EFTA + North America,East Asia & Pacific,EU + EFTA + North America,Eastern Europe & Central Asia,Sub-Saharan Africa,Sub-Saharan Africa,Eastern Europe & Central Asia,Sub-Saharan Africa,East Asia & Pacific,EU + EFTA + North America,Sub-Saharan Africa,EU + EFTA + North America,South Asia,Latin America & Caribbean,Latin America & Caribbean,Latin America & Caribbean,Latin America & Caribbean,EU + EFTA + North America,Sub-Saharan Africa,East Asia & Pacific,Sub-Saharan Africa,Latin America & Caribbean,Middle East & North Africa,Eastern Europe & Central Asia,Sub-Saharan Africa,Eastern Europe & Central Asia,Middle East & North Africa,EU + EFTA + North America,EU + EFTA + North America,Latin America & Caribbean,Eastern Europe & Central Asia,Latin America & Caribbean,East Asia & Pacific,Sub-Saharan Africa,Sub-Saharan Africa,,,,,,,,
Income Group,Low,Upper middle,Upper middle,Lower middle,High,High,High,High,High,Lower middle,High,Upper middle,High,Upper middle,Low,Lower middle,Upper middle,Upper middle,Upper middle,Upper middle,Low,Lower middle,Lower middle,High,High,Upper middle,Upper middle,Low,Upper middle,Lower middle,High,High,High,Upper middle,Upper middle,Upper middle,Lower middle,Lower middle,High,Low,High,High,Lower middle,High,Lower middle,High,Upper middle,Upper middle,Low,Upper middle,Lower middle,High,High,Lower middle,Lower middle,Upper middle,High,Upper middle,High,Upper middle,Upper middle,Lower middle,Lower middle,Upper middle,Low,Upper middle,Low,Low,Upper middle,Low,Lower middle,Upper middle,Upper middle,Lower middle,Lower middle,Lower middle,Low,Lower middle,Upper middle,Low,High,High,Lower middle,Low,Lower middle,High,Lower middle,High,Upper middle,Lower middle,High,High,High,Upper middle,Upper middle,Low,Low,Upper middle,Low,High,High,Upper middle,High,Lower middle,High,Upper middle,Upper middle,Upper middle,High,Low,Upper middle,Low,High,Lower middle,Upper middle,Low,Lower middle,High,High,High,High,Lower middle,Upper middle,Lower middle,Lower middle,Low,,,,,,,,
WJP Rule of Law Index: Overall Score,0.35,0.51,0.51,0.41,0.63,0.58,0.80,0.82,0.61,0.41,0.65,0.52,0.79,0.48,0.50,0.38,0.53,0.59,0.53,0.54,0.50,0.32,0.37,0.81,0.68,0.49,0.50,0.33,0.69,0.46,0.61,0.73,0.90,0.59,0.46,0.48,0.36,0.48,0.81,0.39,0.87,0.73,0.61,0.84,0.58,0.62,0.60,0.46,0.44,0.50,0.40,0.77,0.53,0.51,0.52,0.45,0.65,0.56,0.78,0.57,0.52,0.45,0.48,0.47,0.46,0.54,0.43,0.51,0.55,0.45,0.35,0.61,0.45,0.49,0.55,0.50,0.43,0.42,0.62,0.53,0.84,0.82,0.40,0.44,0.43,0.89,0.39,0.52,0.51,0.47,0.66,0.71,0.73,0.64,0.47,0.61,0.55,0.50,0.45,0.80,0.67,0.58,0.71,0.52,0.65,0.61,0.62,0.51,0.85,0.47,0.50,0.45,0.54,0.53,0.42,0.40,0.50,0.64,0.80,0.71,0.71,0.46,0.28,0.49,0.47,0.40,,,,,,,,
,,,,,,,,,,,,,,,,,,,,,,,,,,,,,,,,,,,,,,,,,,,,,,,,,,,,,,,,,,,,,,,,,,,,,,,,,,,,,,,,,,,,,,,,,,,,,,,,,,,,,,,,,,,,,,,,,,,,,,,,,,,,,,,,,,,,,,
Factor 1: Constraints on Government Powers,0.43,0.49,0.48,0.39,0.61,0.62,0.83,0.84,0.61,0.42,0.65,0.36,0.83,0.46,0.54,0.36,0.45,0.58,0.56,0.46,0.55,0.29,0.39,0.85,0.72,0.33,0.53,0.32,0.78,0.41,0.58,0.73,0.95,0.53,0.45,0.46,0.29,0.47,0.84,0.33,0.92,0.74,0.57,0.85,0.70,0.69,0.59,0.54,0.39,0.57,0.37,0.65,0.41,0.61,0.66,0.39,0.71,0.62,0.71,0.49,0.43,0.49,0.48,0.52,0.53,0.47,0.44,0.56,0.54,0.48,0.30,0.60,0.47,0.43,0.54,0.53,0.45,0.45,0.68,0.60,0.86,0.85,0.27,0.42,0.54,0.94,0.52,0.53,0.61,0.53,0.58,0.79,0.72,0.62,0.37,0.60,0.58,0.40,0.51,0.69,0.65,0.62,0.72,0.55,0.64,0.60,0.58,0.49,0.87,0.52,0.47,0.35,0.57,0.60,0.29,0.41,0.46,0.55,0.84,0.73,0.75,0.33,0.18,0.45,0.48,0.33,,,,,,,,
1.1 Government powers are effectively limited by the legislature,0.59,0.52,0.53,0.52,0.60,0.65,0.86,0.82,0.61,0.56,0.73,0.27,0.84,0.52,0.55,0.34,0.51,0.59,0.76,0.52,0.65,0.39,0.40,0.81,0.71,0.39,0.60,0.43,0.80,0.41,0.61,0.72,0.93,0.45,0.53,0.51,0.14,0.58,0.84,0.43,0.90,0.73,0.60,0.82,0.80,0.64,0.59,0.61,0.48,0.65,0.46,0.69,0.35,0.71,0.81,0.41,0.71,0.65,0.61,0.55,0.45,0.63,0.56,0.75,0.58,0.59,0.46,0.55,0.55,0.59,0.33,0.61,0.56,0.57,0.68,0.62,0.54,0.48,0.73,0.75,0.84,0.84,0.33,0.55,0.69,0.97,0.60,0.55,0.74,0.58,0.45,0.84,0.65,0.67,0.35,0.57,0.57,0.42,0.59,0.54,0.67,0.53,0.75,0.52,0.66,0.63,0.55,0.52,0.82,0.55,0.48,0.45,0.68,0.66,0.37,0.41,0.56,0.51,0.85,0.80,0.80,0.17,0.32,0.38,0.48,0.33,,,,,,,,
1.2 Government powers are effectively limited by the judiciary,0.35,0.32,0.43,0.39,0.71,0.46,0.84,0.83,0.62,0.50,0.73,0.29,0.78,0.52,0.46,0.28,0.40,0.60,0.65,0.40,0.51,0.25,0.30,0.85,0.58,0.31,0.49,0.24,0.74,0.37,0.47,0.72,0.95,0.59,0.39,0.40,0.41,0.47,0.83,0.32,0.90,0.67,0.46,0.83,0.69,0.65,0.66,0.53,0.27,0.62,0.35,0.71,0.41,0.65,0.67,0.37,0.69,0.67,0.70,0.46,0.43,0.52,0.31,0.47,0.54,0.38,0.39,0.63,0.58,0.43,0.18,0.67,0.45,0.34,0.51,0.54,0.43,0.44,0.81,0.62,0.85,0.86,0.29,0.43,0.53,0.95,0.56,0.46,0.51,0.52,0.52,0.77,0.61,0.58,0.34,0.55,0.46,0.35,0.43,0.74,0.57,0.66,0.65,0.61,0.76,0.70,0.57,0.57,0.83,0.53,0.59,0.32,0.67,0.49,0.32,0.41,0.32,0.55,0.83,0.74,0.72,0.21,0.13,0.37,0.37,0.32,,,,,,,,
1.3 Government powers are effectively limited by independent auditing and review,0.43,0.59,0.55,0.32,0.62,0.71,0.78,0.78,0.50,0.38,0.45,0.48,0.90,0.30,0.43,0.33,0.46,0.48,0.46,0.39,0.54,0.19,0.45,0.83,0.84,0.41,0.49,0.29,0.81,0.42,0.54,0.74,0.92,0.64,0.31,0.47,0.33,0.36,0.86,0.37,0.92,0.76,0.64,0.86,0.63,0.75,0.51,0.44,0.32,0.46,0.33,0.59,0.41,0.57,0.56,0.42,0.76,0.59,0.70,0.58,0.51,0.48,0.41,0.41,0.44,0.49,0.42,0.51,0.53,0.40,0.31,0.41,0.44,0.42,0.48,0.46,0.46,0.32,0.55,0.50,0.87,0.83,0.20,0.22,0.49,0.91,0.44,0.43,0.55,0.53,0.58,0.76,0.82,0.53,0.39,0.63,0.55,0.40,0.51,0.70,0.64,0.63,0.71,0.46,0.51,0.42,0.60,0.30,0.95,0.50,0.40,0.23,0.29,0.61,0.18,0.46,0.44,0.64,0.83,0.70,0.66,0.31,0.10,0.53,0.58,0.44,,,,,,,,
1.4 Government officials are sanctioned for misconduct,0.32,0.41,0.50,0.29,0.45,0.42,0.78,0.82,0.44,0.38,0.45,0.56,0.74,0.24,0.50,0.32,0.35,0.52,0.31,0.29,0.40,0.27,0.40,0.78,0.59,0.50,0.41,0.33,0.58,0.37,0.48,0.62,0.93,0.41,0.33,0.38,0.41,0.35,0.80,0.38,0.93,0.66,0.41,0.79,0.56,0.55,0.45,0.40,0.28,0.41,0.27,0.73,0.33,0.41,0.58,0.42,0.61,0.44,0.73,0.54,0.45,0.32,0.47,0.33,0.35,0.36,0.37,0.44,0.55,0.26,0.25,0.53,0.26,0.29,0.40,0.48,0.43,0.47,0.60,0.44,0.84,0.81,0.14,0.34,0.46,0.88,0.38,0.32,0.42,0.42,0.56,0.64,0.69,0.55,0.33,0.71,0.50,0.27,0.38,0.90,0.51,0.47,0.65,0.41,0.52,0.47,0.54,0.43,0.84,0.56,0.45,0.32,0.37,0.48,0.29,0.41,0.28,0.72,0.78,0.64,0.66,0.44,0.12,0.60,0.58,0.36,,,,,,,,
1.5 Government powers are subject to non-governmental checks,0.58,0.55,0.40,0.41,0.59,0.71,0.80,0.85,0.71,0.30,0.70,0.25,0.81,0.56,0.54,0.45,0.43,0.57,0.59,0.61,0.61,0.31,0.39,0.86,0.74,0.12,0.56,0.21,0.83,0.37,0.64,0.74,0.96,0.52,0.63,0.50,0.09,0.55,0.80,0.23,0.91,0.73,0.68,0.85,0.77,0.69,0.62,0.63,0.54,0.61,0.48,0.57,0.48,0.58,0.67,0.21,0.69,0.63,0.72,0.43,0.35,0.53,0.59,0.60,0.62,0.49,0.49,0.59,0.46,0.54,0.37,0.62,0.52,0.50,0.63,0.48,0.41,0.40,0.66,0.64,0.84,0.83,0.40,0.42,0.51,0.94,0.59,0.67,0.70,0.56,0.62,0.81,0.65,0.68,0.39,0.46,0.64,0.48,0.59,0.50,0.70,0.71,0.72,0.59,0.68,0.66,0.58,0.59,0.85,0.43,0.52,0.41,0.67,0.64,0.25,0.39,0.60,0.33,0.85,0.79,0.76,0.32,0.25,0.40,0.43,0.30,,,,,,,,
1.6 Transition of power is subject to the law,0.34,0.52,0.49,0.40,0.70,0.80,0.92,0.94,0.79,0.40,0.81,0.31,0.90,0.62,0.79,0.45,0.54,0.73,0.60,0.53,0.62,0.33,0.37,0.95,0.88,0.24,0.62,0.41,0.93,0.52,0.71,0.87,0.98,0.58,0.53,0.51,0.37,0.51,0.91,0.27,0.98,0.89,0.61,0.95,0.74,0.86,0.69,0.66,0.48,0.64,0.33,0.59,0.50,0.75,0.69,0.51,0.78,0.73,0.81,0.41,0.39,0.48,0.53,0.54,0.65,0.51,0.50,0.62,0.54,0.62,0.34,0.75,0.59,0.47,0.57,0.62,0.44,0.59,0.74,0.66,0.90,0.92,0.26,0.55,0.54,0.98,0.53,0.77,0.76,0.55,0.75,0.93,0.88,0.71,0.41,0.67,0.75,0.47,0.59,0.75,0.78,0.71,0.86,0.68,0.72,0.70,0.66,0.56,0.92,0.54,0.39,0.38,0.71,0.75,0.33,0.36,0.55,0.55,0.88,0.72,0.89,0.51,0.19,0.44,0.47,0.24,,,,,,,,
Factor 2: Absence of Corruption,0.28,0.35,0.45,0.42,0.61,0.52,0.81,0.84,0.65,0.37,0.68,0.55,0.80,0.44,0.38,0.26,0.44,0.60,0.45,0.44,0.44,0.24,0.27,0.83,0.70,0.55,0.38,0.18,0.68,0.37,0.57,0.64,0.95,0.60,0.39,0.41,0.40,0.40,0.80,0.46,0.89,0.75,0.70,0.82,0.41,0.57,0.66,0.37,0.28,0.46,0.34,0.84,0.51,0.43,0.38,0.45,0.63,0.54,0.82,0.58,0.47,0.27,0.31,0.39,0.32,0.47,0.26,0.42,0.58,0.31,0.31,0.58,0.29,0.32,0.44,0.44,0.37,0.47,0.53,0.43,0.88,0.87,0.35,0.43,0.34,0.94,0.32,0.42,0.33,0.47,0.73,0.72,0.67,0.57,0.45,0.60,0.54,0.44,0.35,0.91,0.66,0.48,0.72,0.46,0.67,0.63,0.70,0.51,0.91,0.42,0.49,0.42,0.50,0.47,0.48,0.26,0.33,0.79,0.83,0.74,0.74,0.38,0.32,0.40,0.40,0.31,,,,,,,,
2.1 Government officials in the executive branch do not use public office for private gain,0.36,0.39,0.38,0.34,0.59,0.50,0.78,0.81,0.62,0.44,0.64,0.49,0.77,0.39,0.40,0.36,0.38,0.56,0.41,0.43,0.46,0.30,0.30,0.79,0.64,0.50,0.45,0.25,0.67,0.35,0.51,0.60,0.92,0.46,0.41,0.43,0.43,0.43,0.75,0.39,0.89,0.75,0.64,0.81,0.40,0.51,0.67,0.38,0.27,0.44,0.36,0.82,0.46,0.44,0.48,0.39,0.57,0.50,0.79,0.56,0.47,0.30,0.37,0.36,0.31,0.41,0.32,0.39,0.56,0.40,0.27,0.60,0.32,0.34,0.46,0.47,0.33,0.57,0.46,0.47,0.85,0.86,0.42,0.47,0.32,0.92,0.36,0.44,0.40,0.51,0.64,0.66,0.70,0.50,0.43,0.68,0.49,0.46,0.38,0.91,0.65,0.41,0.68,0.44,0.50,0.57,0.62,0.45,0.88,0.48,0.50,0.44,0.44,0.52,0.48,0.28,0.35,0.78,0.85,0.73,0.68,0.33,0.31,0.48,0.42,0.29,,,,,,,,
2.2 Government officials in the judicial branch do not use public office for private gain,0.16,0.29,0.60,0.50,0.82,0.68,0.97,0.97,0.77,0.33,0.88,0.70,0.93,0.59,0.44,0.18,0.59,0.76,0.74,0.57,0.47,0.13,0.30,0.95,0.84,0.57,0.48,0.18,0.81,0.43,0.72,0.87,0.99,0.90,0.48,0.41,0.47,0.48,0.95,0.39,0.98,0.89,0.73,0.95,0.53,0.81,0.79,0.48,0.26,0.61,0.39,0.95,0.69,0.49,0.29,0.54,0.81,0.83,0.97,0.72,0.53,0.46,0.37,0.49,0.30,0.53,0.26,0.54,0.74,0.18,0.42,0.79,0.34,0.35,0.51,0.46,0.37,0.26,0.84,0.43,0.97,0.95,0.30,0.48,0.50,0.99,0.39,0.47,0.41,0.41,0.87,0.88,0.88,0.74,0.57,0.56,0.60,0.49,0.33,0.90,0.77,0.71,0.86,0.60,0.94,0.87,0.83,0.72,0.98,0.42,0.67,0.43,0.74,0.45,0.58,0.35,0.46,0.87,0.96,0.89,0.92,0.40,0.18,0.36,0.53,0.42,,,,,,,,
2.3 Government officials in the police and the military do not use public office for private gain,0.39,0.53,0.47,0.46,0.73,0.63,0.90,0.93,0.78,0.30,0.81,0.66,0.89,0.56,0.47,0.28,0.60,0.74,0.60,0.61,0.54,0.22,0.32,0.88,0.81,0.69,0.51,0.21,0.74,0.46,0.74,0.76,0.97,0.74,0.45,0.53,0.42,0.53,0.91,0.48,0.97,0.85,0.89,0.90,0.40,0.75,0.74,0.54,0.34,0.42,0.46,0.88,0.69,0.44,0.48,0.54,0.85,0.60,0.93,0.77,0.51,0.25,0.37,0.54,0.41,0.68,0.35,0.41,0.62,0.31,0.29,0.66,0.34,0.49,0.63,0.45,0.44,0.44,0.53,0.61,0.91,0.92,0.46,0.48,0.36,0.96,0.27,0.54,0.36,0.53,0.87,0.87,0.76,0.77,0.53,0.65,0.67,0.54,0.38,0.94,0.75,0.56,0.87,0.52,0.77,0.67,0.78,0.63,0.97,0.37,0.47,0.44,0.58,0.57,0.67,0.22,0.42,0.84,0.86,0.84,0.82,0.39,0.37,0.44,0.39,0.29,,,,,,,,
2.4 Government officials in the legislative branch do not use public office for private gain,0.20,0.19,0.35,0.38,0.30,0.28,0.60,0.67,0.43,0.40,0.40,0.36,0.59,0.23,0.21,0.22,0.19,0.34,0.07,0.14,0.28,0.32,0.16,0.71,0.49,0.44,0.10,0.09,0.48,0.25,0.32,0.33,0.89,0.30,0.20,0.25,0.28,0.15,0.59,0.60,0.73,0.51,0.53,0.62,0.28,0.19,0.46,0.08,0.26,0.38,0.13,0.71,0.19,0.33,0.25,0.33,0.30,0.24,0.58,0.28,0.35,0.08,0.15,0.18,0.25,0.24,0.13,0.34,0.41,0.36,0.25,0.30,0.17,0.12,0.17,0.38,0.35,0.60,0.30,0.21,0.80,0.76,0.20,0.29,0.18,0.91,0.25,0.23,0.16,0.42,0.53,0.48,0.35,0.28,0.27,0.51,0.41,0.26,0.33,0.91,0.46,0.24,0.47,0.26,0.46,0.43,0.54,0.22,0.82,0.39,0.32,0.37,0.23,0.35,0.20,0.19,0.10,0.69,0.64,0.50,0.55,0.41,0.41,0.34,0.26,0.22,,,,,,,,
Factor 3: Open Government ,0.37,0.46,0.41,0.32,0.52,0.63,0.82,0.72,0.50,0.44,0.52,0.36,0.77,0.45,0.39,0.42,0.47,0.48,0.62,0.54,0.46,0.27,0.34,0.81,0.72,0.42,0.63,0.32,0.71,0.37,0.61,0.66,0.86,0.50,0.51,0.51,0.22,0.51,0.80,0.28,0.87,0.79,0.59,0.79,0.51,0.61,0.47,0.51,0.39,0.44,0.42,0.75,0.46,0.61,0.54,0.29,0.63,0.56,0.69,0.41,0.47,0.49,0.54,0.44,0.49,0.49,0.46,0.43,0.38,0.43,0.26,0.54,0.61,0.55,0.51,0.44,0.37,0.35,0.58,0.52,0.82,0.81,0.38,0.35,0.43,0.88,0.45,0.59,0.55,0.53,0.63,0.67,0.69,0.62,0.49,0.57,0.44,0.47,0.42,0.66,0.65,0.62,0.70,0.50,0.41,0.50,0.50,0.37,0.86,0.38,0.48,0.31,0.56,0.50,0.42,0.40,0.55,0.36,0.80,0.77,0.71,0.31,0.29,0.46,0.38,0.33,,,,,,,,
3.1. Publicized laws and government data ,0.23,0.45,0.23,0.09,0.28,0.71,0.91,0.72,0.32,0.36,0.23,0.24,0.71,0.35,0.31,0.32,0.44,0.22,0.72,0.56,0.31,0.21,0.20,0.88,0.67,0.45,0.66,0.20,0.48,0.18,0.55,0.66,0.85,0.37,0.34,0.40,0.31,0.40,0.88,0.20,0.90,0.84,0.51,0.74,0.26,0.58,0.29,0.30,0.17,0.27,0.28,0.72,0.55,0.54,0.36,0.36,0.61,0.36,0.74,0.33,0.53,0.28,0.53,0.27,0.18,0.50,0.33,0.18,0.30,0.25,0.12,0.60,0.67,0.61,0.40,0.37,0.18,0.20,0.32,0.30,0.79,0.85,0.34,0.25,0.20,0.88,0.26,0.41,0.37,0.44,0.60,0.56,0.69,0.59,0.57,0.60,0.33,0.52,0.10,0.80,0.67,0.53,0.71,0.41,0.20,0.29,0.25,0.32,0.78,0.24,0.45,0.20,0.37,0.37,0.47,0.14,0.59,0.36,0.90,0.77,0.70,0.28,0.20,0.52,0.24,0.16,,,,,,,,
3.2 Right to information,0.36,0.46,0.44,0.40,0.60,0.49,0.69,0.63,0.42,0.57,0.53,0.36,0.66,0.39,0.32,0.39,0.51,0.54,0.62,0.41,0.45,0.25,0.34,0.68,0.74,0.56,0.59,0.32,0.78,0.44,0.59,0.65,0.79,0.53,0.53,0.47,0.11,0.57,0.74,0.35,0.82,0.73,0.65,0.73,0.38,0.62,0.42,0.53,0.41,0.41,0.44,0.76,0.39,0.60,0.54,0.33,0.64,0.64,0.62,0.56,0.46,0.40,0.55,0.45,0.46,0.51,0.45,0.40,0.40,0.42,0.27,0.41,0.62,0.51,0.53,0.46,0.36,0.35,0.55,0.51,0.73,0.76,0.25,0.27,0.39,0.87,0.45,0.63,0.57,0.63,0.56,0.62,0.75,0.57,0.40,0.55,0.47,0.48,0.48,0.65,0.62,0.56,0.63,0.48,0.31,0.53,0.52,0.28,0.92,0.46,0.43,0.28,0.53,0.51,0.48,0.43,0.49,0.39,0.67,0.72,0.64,0.25,0.26,0.34,0.46,0.40,,,,,,,,
3.3 Civic participation,0.55,0.46,0.39,0.34,0.63,0.69,0.79,0.83,0.71,0.35,0.71,0.33,0.83,0.54,0.55,0.46,0.44,0.61,0.57,0.58,0.58,0.34,0.41,0.85,0.70,0.21,0.56,0.36,0.78,0.46,0.64,0.70,0.94,0.58,0.57,0.51,0.18,0.49,0.79,0.21,0.89,0.75,0.62,0.86,0.71,0.64,0.63,0.58,0.52,0.57,0.46,0.63,0.41,0.58,0.64,0.18,0.67,0.62,0.68,0.38,0.35,0.58,0.58,0.54,0.61,0.50,0.50,0.61,0.45,0.55,0.38,0.61,0.55,0.52,0.62,0.46,0.44,0.42,0.73,0.62,0.84,0.82,0.39,0.43,0.52,0.91,0.57,0.64,0.63,0.55,0.62,0.78,0.65,0.61,0.39,0.54,0.63,0.47,0.57,0.54,0.70,0.70,0.70,0.58,0.67,0.66,0.61,0.54,0.85,0.48,0.51,0.41,0.67,0.62,0.29,0.45,0.57,0.31,0.84,0.80,0.76,0.27,0.26,0.42,0.45,0.32,,,,,,,,
3.4 Complaint mechanisms,0.35,0.48,0.58,0.45,0.59,0.64,0.89,0.71,0.56,0.49,0.61,0.52,0.88,0.51,0.39,0.50,0.50,0.57,0.56,0.61,0.50,0.26,0.42,0.83,0.78,0.45,0.71,0.39,0.79,0.40,0.64,0.64,0.86,0.53,0.60,0.65,0.31,0.58,0.78,0.37,0.86,0.83,0.57,0.83,0.71,0.60,0.55,0.62,0.44,0.52,0.52,0.87,0.47,0.72,0.62,0.30,0.60,0.61,0.71,0.36,0.54,0.71,0.50,0.49,0.71,0.45,0.55,0.54,0.39,0.52,0.25,0.53,0.59,0.56,0.50,0.46,0.51,0.42,0.71,0.65,0.94,0.83,0.53,0.45,0.60,0.87,0.50,0.69,0.61,0.52,0.72,0.73,0.68,0.72,0.62,0.60,0.35,0.41,0.54,0.65,0.63,0.71,0.75,0.50,0.46,0.51,0.64,0.33,0.89,0.33,0.55,0.36,0.67,0.52,0.44,0.57,0.54,0.36,0.78,0.81,0.75,0.46,0.44,0.54,0.38,0.45,,,,,,,,
Factor 4: Fundamental Rights,0.40,0.61,0.48,0.38,0.69,0.70,0.79,0.85,0.66,0.33,0.74,0.47,0.84,0.49,0.56,0.47,0.59,0.58,0.55,0.60,0.57,0.35,0.39,0.83,0.73,0.32,0.53,0.37,0.78,0.46,0.65,0.78,0.92,0.64,0.56,0.49,0.29,0.52,0.83,0.29,0.92,0.74,0.62,0.85,0.64,0.66,0.63,0.55,0.52,0.56,0.41,0.66,0.58,0.53,0.52,0.25,0.73,0.63,0.78,0.49,0.46,0.46,0.49,0.52,0.52,0.57,0.47,0.59,0.48,0.54,0.39,0.64,0.54,0.54,0.58,0.46,0.42,0.31,0.66,0.54,0.84,0.80,0.39,0.49,0.46,0.90,0.38,0.62,0.63,0.42,0.66,0.79,0.74,0.70,0.45,0.52,0.60,0.56,0.52,0.69,0.73,0.64,0.78,0.54,0.72,0.66,0.68,0.55,0.86,0.45,0.48,0.49,0.59,0.56,0.32,0.38,0.61,0.46,0.82,0.72,0.76,0.39,0.33,0.46,0.45,0.35,,,,,,,,
4.1 Equal treatment and absence of discrimination,0.38,0.59,0.62,0.48,0.63,0.65,0.69,0.73,0.47,0.43,0.67,0.70,0.78,0.40,0.70,0.42,0.60,0.67,0.56,0.58,0.67,0.40,0.44,0.68,0.54,0.45,0.54,0.59,0.67,0.60,0.60,0.71,0.77,0.60,0.49,0.45,0.50,0.51,0.81,0.44,0.88,0.63,0.57,0.78,0.65,0.54,0.78,0.39,0.55,0.51,0.46,0.76,0.44,0.50,0.39,0.45,0.68,0.63,0.84,0.71,0.56,0.48,0.49,0.46,0.47,0.61,0.57,0.54,0.49,0.62,0.39,0.60,0.36,0.54,0.54,0.66,0.56,0.42,0.56,0.49,0.83,0.72,0.39,0.61,0.51,0.80,0.36,0.48,0.53,0.43,0.69,0.71,0.68,0.72,0.57,0.68,0.69,0.62,0.51,0.84,0.68,0.53,0.71,0.58,0.73,0.75,0.65,0.56,0.72,0.57,0.54,0.65,0.61,0.63,0.39,0.47,0.69,0.65,0.72,0.51,0.68,0.58,0.58,0.62,0.51,0.41,,,,,,,,
4.2 The right to life and security of the person is effectively guaranteed,0.27,0.69,0.53,0.29,0.81,0.80,0.88,0.97,0.84,0.19,0.82,0.60,0.95,0.58,0.51,0.47,0.74,0.58,0.51,0.63,0.57,0.22,0.26,0.95,0.86,0.45,0.50,0.12,0.91,0.33,0.71,0.96,1.00,0.84,0.53,0.47,0.31,0.61,0.94,0.19,1.00,0.84,0.73,0.94,0.71,0.78,0.69,0.63,0.46,0.57,0.27,0.71,0.80,0.50,0.51,0.28,0.86,0.59,0.94,0.61,0.59,0.27,0.47,0.49,0.53,0.64,0.40,0.64,0.53,0.40,0.49,0.72,0.49,0.67,0.64,0.38,0.26,0.17,0.70,0.47,0.96,0.91,0.36,0.42,0.30,0.95,0.23,0.72,0.70,0.21,0.77,0.89,0.92,0.82,0.48,0.44,0.54,0.60,0.50,0.81,0.88,0.63,0.85,0.38,0.84,0.70,0.76,0.60,0.98,0.33,0.38,0.41,0.57,0.57,0.35,0.26,0.63,0.50,0.94,0.84,0.83,0.48,0.14,0.46,0.40,0.27,,,,,,,,
4.3 Due process of the law and rights of the accused,0.29,0.57,0.52,0.29,0.60,0.58,0.76,0.82,0.59,0.26,0.57,0.46,0.80,0.35,0.51,0.33,0.64,0.56,0.36,0.55,0.47,0.25,0.34,0.79,0.64,0.51,0.40,0.31,0.70,0.38,0.62,0.77,0.88,0.59,0.40,0.42,0.36,0.32,0.78,0.32,0.92,0.68,0.59,0.82,0.46,0.56,0.43,0.40,0.35,0.37,0.31,0.70,0.58,0.41,0.40,0.45,0.70,0.50,0.74,0.48,0.45,0.38,0.33,0.45,0.37,0.56,0.34,0.39,0.54,0.35,0.40,0.56,0.42,0.46,0.49,0.38,0.26,0.20,0.56,0.40,0.84,0.76,0.28,0.40,0.37,0.91,0.30,0.48,0.41,0.31,0.64,0.66,0.78,0.62,0.38,0.50,0.45,0.46,0.40,0.74,0.70,0.55,0.78,0.41,0.59,0.56,0.60,0.47,0.92,0.32,0.40,0.44,0.31,0.44,0.42,0.30,0.45,0.72,0.81,0.63,0.62,0.35,0.19,0.44,0.42,0.36,,,,,,,,
4.4 Freedom of opinion and expression is effectively guaranteed,0.58,0.55,0.40,0.41,0.59,0.71,0.80,0.85,0.71,0.30,0.70,0.25,0.81,0.56,0.54,0.45,0.43,0.57,0.59,0.61,0.61,0.31,0.39,0.86,0.74,0.12,0.56,0.28,0.83,0.37,0.64,0.74,0.96,0.52,0.63,0.50,0.09,0.55,0.80,0.23,0.91,0.73,0.68,0.85,0.77,0.69,0.62,0.63,0.54,0.61,0.48,0.57,0.48,0.58,0.67,0.21,0.69,0.63,0.72,0.43,0.35,0.53,0.59,0.60,0.62,0.49,0.49,0.59,0.46,0.54,0.37,0.62,0.52,0.50,0.63,0.48,0.41,0.40,0.75,0.64,0.84,0.83,0.40,0.42,0.51,0.94,0.59,0.67,0.70,0.56,0.62,0.81,0.65,0.68,0.39,0.46,0.64,0.48,0.59,0.50,0.70,0.71,0.72,0.59,0.68,0.66,0.58,0.59,0.85,0.43,0.52,0.41,0.67,0.64,0.25,0.39,0.60,0.33,0.85,0.79,0.76,0.32,0.25,0.40,0.43,0.30,,,,,,,,
4.5 Freedom of belief and religion is effectively guaranteed,0.36,0.82,0.30,0.56,0.66,0.75,0.83,0.85,0.73,0.53,0.83,0.59,0.84,0.47,0.76,0.64,0.61,0.59,0.65,0.72,0.72,0.50,0.60,0.85,0.79,0.22,0.63,0.62,0.84,0.69,0.68,0.78,0.81,0.73,0.70,0.62,0.22,0.63,0.80,0.50,0.86,0.74,0.62,0.84,0.68,0.70,0.66,0.67,0.74,0.73,0.53,0.76,0.52,0.59,0.46,0.07,0.73,0.67,0.68,0.39,0.57,0.63,0.57,0.54,0.66,0.71,0.62,0.71,0.38,0.73,0.19,0.76,0.73,0.62,0.66,0.43,0.68,0.27,0.74,0.62,0.78,0.83,0.63,0.62,0.53,0.88,0.47,0.68,0.79,0.63,0.58,0.83,0.73,0.73,0.57,0.56,0.79,0.70,0.70,0.81,0.73,0.75,0.77,0.71,0.69,0.66,0.86,0.71,0.84,0.59,0.56,0.73,0.78,0.59,0.20,0.66,0.75,0.44,0.87,0.73,0.83,0.57,0.61,0.33,0.67,0.47,,,,,,,,
4.6 Freedom from arbitrary interference with privacy is effectively guaranteed,0.26,0.63,0.42,0.18,0.68,0.73,0.84,0.91,0.57,0.16,0.79,0.33,0.90,0.41,0.24,0.37,0.59,0.45,0.54,0.39,0.37,0.19,0.18,0.88,0.83,0.30,0.49,0.11,0.83,0.13,0.49,0.79,0.98,0.68,0.51,0.32,0.25,0.56,0.92,0.14,0.98,0.71,0.45,0.79,0.56,0.70,0.51,0.63,0.37,0.49,0.20,0.52,0.66,0.53,0.43,0.14,0.79,0.71,0.82,0.40,0.35,0.20,0.33,0.40,0.42,0.37,0.25,0.61,0.38,0.29,0.29,0.58,0.59,0.44,0.44,0.24,0.26,0.15,0.54,0.49,0.82,0.79,0.18,0.27,0.40,0.88,0.22,0.56,0.59,0.31,0.65,0.84,0.83,0.61,0.24,0.29,0.34,0.38,0.36,0.61,0.69,0.57,0.85,0.34,0.75,0.58,0.62,0.36,0.97,0.29,0.37,0.16,0.38,0.43,0.23,0.05,0.44,0.32,0.79,0.83,0.76,0.20,0.05,0.44,0.29,0.13,,,,,,,,
4.7 Freedom of assembly and association is effectively guaranteed,0.60,0.56,0.42,0.39,0.71,0.76,0.82,0.89,0.80,0.38,0.80,0.35,0.86,0.56,0.67,0.52,0.56,0.64,0.65,0.67,0.66,0.41,0.49,0.88,0.75,0.17,0.61,0.44,0.83,0.58,0.75,0.79,0.98,0.61,0.68,0.55,0.23,0.55,0.84,0.22,0.93,0.82,0.69,0.90,0.77,0.76,0.72,0.67,0.62,0.63,0.53,0.62,0.48,0.59,0.66,0.12,0.79,0.69,0.73,0.40,0.35,0.60,0.62,0.65,0.64,0.59,0.55,0.71,0.44,0.60,0.53,0.67,0.65,0.60,0.68,0.50,0.48,0.35,0.75,0.65,0.86,0.83,0.41,0.55,0.58,0.95,0.61,0.71,0.76,0.57,0.63,0.86,0.69,0.67,0.41,0.59,0.71,0.59,0.64,0.49,0.77,0.74,0.82,0.65,0.75,0.72,0.70,0.61,0.88,0.50,0.46,0.49,0.74,0.69,0.30,0.48,0.64,0.25,0.89,0.85,0.83,0.18,0.30,0.37,0.41,0.34,,,,,,,,
4.8 Fundamental labor rights are effectively guaranteed,0.42,0.49,0.59,0.46,0.86,0.65,0.74,0.81,0.60,0.40,0.73,0.45,0.79,0.56,0.58,0.53,0.59,0.56,0.51,0.67,0.51,0.50,0.43,0.74,0.70,0.32,0.51,0.49,0.62,0.60,0.70,0.73,0.95,0.57,0.58,0.56,0.39,0.47,0.71,0.31,0.87,0.79,0.60,0.85,0.52,0.55,0.64,0.39,0.53,0.58,0.49,0.68,0.69,0.50,0.60,0.26,0.57,0.59,0.79,0.52,0.49,0.56,0.54,0.55,0.46,0.58,0.57,0.53,0.60,0.74,0.43,0.66,0.52,0.49,0.54,0.59,0.47,0.54,0.69,0.57,0.81,0.76,0.48,0.64,0.47,0.88,0.26,0.64,0.53,0.37,0.67,0.71,0.60,0.73,0.56,0.65,0.65,0.66,0.48,0.74,0.73,0.63,0.76,0.68,0.75,0.68,0.63,0.49,0.75,0.58,0.60,0.61,0.68,0.50,0.38,0.43,0.68,0.46,0.69,0.56,0.81,0.48,0.54,0.63,0.47,0.49,,,,,,,,
Factor 5: Order and Security,0.30,0.79,0.72,0.57,0.78,0.62,0.87,0.90,0.75,0.57,0.76,0.81,0.81,0.73,0.78,0.59,0.76,0.71,0.65,0.77,0.62,0.66,0.51,0.91,0.68,0.79,0.59,0.48,0.69,0.68,0.82,0.90,0.93,0.76,0.63,0.62,0.54,0.63,0.89,0.64,0.92,0.74,0.78,0.89,0.71,0.72,0.77,0.59,0.75,0.61,0.60,0.93,0.91,0.59,0.70,0.75,0.74,0.62,0.92,0.77,0.78,0.56,0.75,0.64,0.61,0.79,0.71,0.68,0.77,0.56,0.65,0.77,0.57,0.80,0.77,0.69,0.62,0.66,0.73,0.72,0.85,0.89,0.70,0.65,0.35,0.93,0.36,0.68,0.64,0.57,0.86,0.79,0.84,0.84,0.66,0.84,0.69,0.78,0.68,0.93,0.89,0.61,0.77,0.70,0.79,0.72,0.74,0.65,0.88,0.69,0.71,0.74,0.66,0.63,0.63,0.59,0.73,0.91,0.85,0.76,0.70,0.91,0.48,0.77,0.69,0.67,,,,,,,,
5.1 Crime is effectively controlled,0.47,0.86,0.66,0.42,0.81,0.56,0.89,0.91,0.77,0.77,0.89,0.89,0.85,0.70,0.81,0.58,0.85,0.66,0.51,0.84,0.73,0.81,0.61,0.92,0.75,0.79,0.49,0.56,0.70,0.67,0.94,0.89,0.94,0.88,0.59,0.58,0.75,0.45,0.90,0.64,0.94,0.82,0.92,0.89,0.75,0.81,0.88,0.53,0.77,0.66,0.50,0.93,0.92,0.79,0.85,0.76,0.80,0.64,0.93,0.85,0.78,0.59,0.78,0.70,0.49,0.78,0.66,0.69,0.75,0.63,0.60,0.83,0.44,0.81,0.83,0.65,0.61,0.85,0.70,0.77,0.90,0.89,0.67,0.71,0.55,0.96,0.57,0.64,0.58,0.66,0.93,0.90,0.90,0.92,0.75,0.75,0.67,0.87,0.61,0.98,0.95,0.49,0.87,0.82,0.82,0.80,0.76,0.73,0.90,0.68,0.80,0.77,0.70,0.77,0.78,0.54,0.75,0.92,0.91,0.83,0.69,0.88,0.24,0.92,0.62,0.63,,,,,,,,
5.2 Civil conflict is effectively limited,0.04,1.00,0.94,0.94,1.00,1.00,1.00,1.00,1.00,0.70,1.00,1.00,0.92,1.00,1.00,1.00,1.00,1.00,1.00,1.00,0.74,1.00,0.60,1.00,1.00,0.92,1.00,0.50,1.00,1.00,1.00,1.00,1.00,1.00,1.00,1.00,0.60,1.00,1.00,0.83,1.00,0.85,1.00,1.00,1.00,1.00,1.00,1.00,1.00,1.00,1.00,1.00,1.00,0.64,0.83,0.85,1.00,1.00,1.00,1.00,1.00,0.73,1.00,0.85,1.00,1.00,1.00,1.00,0.94,0.59,1.00,1.00,1.00,1.00,1.00,1.00,1.00,0.63,1.00,1.00,1.00,1.00,1.00,0.69,0.08,1.00,0.19,1.00,1.00,0.52,1.00,1.00,1.00,1.00,0.85,1.00,1.00,1.00,1.00,1.00,1.00,1.00,0.85,1.00,1.00,1.00,1.00,1.00,0.85,0.98,0.85,1.00,1.00,0.77,0.60,1.00,0.88,1.00,0.92,0.77,1.00,1.00,1.00,1.00,1.00,1.00,,,,,,,,
5.3 People do not resort to violence to redress personal grievances,0.38,0.51,0.57,0.37,0.54,0.30,0.72,0.79,0.48,0.23,0.40,0.53,0.68,0.49,0.54,0.19,0.44,0.48,0.43,0.47,0.40,0.18,0.32,0.80,0.28,0.66,0.27,0.38,0.38,0.38,0.53,0.81,0.85,0.39,0.30,0.29,0.28,0.45,0.78,0.47,0.82,0.56,0.43,0.77,0.38,0.37,0.42,0.24,0.48,0.17,0.31,0.84,0.80,0.33,0.43,0.62,0.43,0.21,0.84,0.45,0.56,0.36,0.48,0.35,0.34,0.59,0.47,0.35,0.61,0.46,0.36,0.47,0.25,0.60,0.47,0.43,0.25,0.49,0.50,0.40,0.65,0.78,0.44,0.55,0.43,0.82,0.32,0.40,0.34,0.53,0.64,0.46,0.63,0.60,0.39,0.77,0.40,0.45,0.44,0.82,0.72,0.35,0.61,0.29,0.56,0.36,0.45,0.22,0.88,0.41,0.49,0.44,0.29,0.36,0.52,0.22,0.57,0.82,0.72,0.69,0.42,0.83,0.19,0.41,0.44,0.38,,,,,,,,
Factor 6: Regulatory Enforcement,0.35,0.44,0.52,0.42,0.58,0.52,0.81,0.84,0.51,0.42,0.62,0.50,0.81,0.42,0.51,0.40,0.49,0.60,0.52,0.54,0.46,0.29,0.41,0.81,0.65,0.48,0.50,0.37,0.68,0.52,0.55,0.70,0.90,0.52,0.39,0.49,0.35,0.49,0.79,0.36,0.84,0.77,0.56,0.85,0.55,0.59,0.58,0.42,0.43,0.46,0.40,0.82,0.47,0.48,0.55,0.48,0.59,0.54,0.78,0.58,0.51,0.46,0.45,0.44,0.43,0.48,0.35,0.45,0.53,0.54,0.26,0.63,0.46,0.42,0.49,0.54,0.38,0.46,0.58,0.50,0.86,0.85,0.45,0.44,0.43,0.87,0.38,0.51,0.50,0.47,0.62,0.64,0.73,0.57,0.49,0.57,0.55,0.47,0.37,0.87,0.64,0.55,0.68,0.49,0.61,0.58,0.54,0.47,0.85,0.43,0.48,0.49,0.51,0.53,0.42,0.42,0.42,0.72,0.82,0.73,0.69,0.44,0.20,0.45,0.43,0.38,,,,,,,,
6.1 Government regulations are effectively enforced,0.31,0.45,0.45,0.40,0.55,0.46,0.70,0.87,0.45,0.45,0.56,0.63,0.74,0.39,0.50,0.46,0.40,0.55,0.52,0.67,0.43,0.27,0.45,0.77,0.62,0.50,0.50,0.35,0.65,0.50,0.61,0.71,0.82,0.35,0.37,0.54,0.47,0.41,0.83,0.33,0.79,0.70,0.59,0.77,0.46,0.61,0.55,0.40,0.38,0.50,0.37,0.76,0.53,0.41,0.52,0.36,0.59,0.52,0.72,0.45,0.61,0.44,0.52,0.44,0.38,0.46,0.31,0.39,0.50,0.44,0.22,0.68,0.51,0.53,0.58,0.48,0.41,0.49,0.49,0.47,0.78,0.78,0.44,0.47,0.40,0.83,0.39,0.48,0.50,0.46,0.63,0.64,0.54,0.60,0.54,0.62,0.55,0.49,0.43,0.83,0.70,0.44,0.67,0.54,0.54,0.46,0.52,0.48,0.78,0.56,0.48,0.45,0.40,0.52,0.41,0.38,0.42,0.69,0.77,0.70,0.64,0.62,0.35,0.56,0.48,0.43,,,,,,,,
6.2 Government regulations are applied and enforced without improper influence,0.38,0.43,0.54,0.44,0.80,0.59,0.90,0.93,0.68,0.42,0.80,0.56,0.87,0.54,0.69,0.49,0.51,0.73,0.62,0.63,0.55,0.27,0.48,0.95,0.76,0.58,0.62,0.36,0.73,0.53,0.68,0.86,0.98,0.70,0.60,0.58,0.48,0.62,0.91,0.53,0.97,0.85,0.82,0.85,0.55,0.63,0.74,0.58,0.42,0.60,0.54,0.95,0.63,0.45,0.70,0.45,0.72,0.70,0.95,0.69,0.65,0.47,0.41,0.43,0.40,0.48,0.32,0.39,0.70,0.50,0.33,0.82,0.51,0.43,0.47,0.57,0.45,0.61,0.66,0.57,0.89,0.96,0.60,0.53,0.51,0.99,0.45,0.56,0.57,0.61,0.86,0.81,0.78,0.67,0.56,0.69,0.66,0.55,0.42,0.96,0.75,0.62,0.82,0.56,0.75,0.67,0.77,0.65,0.93,0.50,0.55,0.60,0.69,0.61,0.63,0.39,0.42,0.89,0.94,0.88,0.83,0.43,0.40,0.39,0.42,0.46,,,,,,,,
6.3 Administrative proceedings are conducted without unreasonable delay,0.46,0.53,0.43,0.38,0.41,0.51,0.76,0.72,0.39,0.34,0.35,0.64,0.70,0.33,0.42,0.43,0.41,0.41,0.28,0.56,0.34,0.49,0.25,0.71,0.58,0.62,0.35,0.39,0.51,0.47,0.45,0.62,0.90,0.45,0.37,0.48,0.16,0.50,0.78,0.35,0.74,0.71,0.46,0.82,0.44,0.56,0.58,0.36,0.41,0.40,0.40,0.77,0.42,0.40,0.55,0.49,0.44,0.35,0.75,0.52,0.54,0.43,0.55,0.44,0.41,0.49,0.40,0.36,0.50,0.52,0.32,0.52,0.37,0.46,0.56,0.50,0.45,0.50,0.53,0.52,0.84,0.83,0.47,0.42,0.34,0.79,0.33,0.53,0.37,0.38,0.53,0.54,0.83,0.50,0.58,0.41,0.41,0.45,0.33,0.88,0.66,0.45,0.57,0.42,0.53,0.35,0.46,0.34,0.83,0.38,0.49,0.45,0.36,0.34,0.47,0.39,0.54,0.70,0.81,0.56,0.58,0.59,0.10,0.50,0.41,0.35,,,,,,,,
6.4 Due process is respected in administrative proceedings,0.24,0.37,0.55,0.52,0.48,0.50,0.87,0.84,0.51,0.32,0.71,0.39,0.85,0.37,0.38,0.19,0.49,0.61,0.54,0.37,0.40,0.14,0.41,0.86,0.53,0.32,0.42,0.42,0.70,0.53,0.39,0.62,0.92,0.54,0.19,0.36,0.29,0.37,0.66,0.17,0.94,0.77,0.36,0.87,0.64,0.44,0.42,0.30,0.49,0.37,0.20,0.88,0.32,0.53,0.43,0.53,0.57,0.52,0.73,0.60,0.26,0.36,0.32,0.48,0.48,0.42,0.25,0.54,0.50,0.62,0.06,0.54,0.37,0.29,0.34,0.50,0.25,0.38,0.56,0.43,0.83,0.87,0.33,0.44,0.41,0.83,0.18,0.47,0.41,0.40,0.49,0.52,0.71,0.42,0.40,0.43,0.49,0.36,0.29,0.87,0.48,0.60,0.71,0.40,0.55,0.70,0.45,0.39,0.82,0.25,0.33,0.47,0.51,0.56,0.14,0.38,0.37,0.69,0.81,0.76,0.58,0.26,0.01,0.41,0.40,0.34,,,,,,,,
6.5 The government does not expropriate without lawful process and adequate compensation,0.37,0.41,0.61,0.34,0.66,0.56,0.85,0.84,0.51,0.60,0.71,0.31,0.91,0.46,0.53,0.44,0.64,0.68,0.63,0.48,0.59,0.29,0.48,0.77,0.77,0.37,0.61,0.32,0.81,0.59,0.62,0.72,0.88,0.55,0.44,0.50,0.37,0.53,0.77,0.42,0.74,0.84,0.59,0.92,0.66,0.70,0.59,0.46,0.46,0.46,0.48,0.76,0.47,0.63,0.57,0.56,0.64,0.59,0.76,0.65,0.48,0.58,0.45,0.42,0.50,0.54,0.45,0.59,0.45,0.63,0.35,0.58,0.56,0.40,0.49,0.64,0.35,0.34,0.68,0.52,0.94,0.83,0.43,0.33,0.49,0.91,0.54,0.54,0.64,0.51,0.60,0.69,0.79,0.68,0.37,0.69,0.63,0.53,0.40,0.81,0.59,0.62,0.66,0.55,0.68,0.71,0.51,0.48,0.88,0.45,0.53,0.47,0.60,0.63,0.45,0.59,0.37,0.65,0.77,0.72,0.80,0.28,0.14,0.38,0.43,0.29,,,,,,,,
Factor 7: Civil Justice,0.38,0.44,0.55,0.44,0.66,0.58,0.76,0.78,0.58,0.39,0.65,0.60,0.76,0.50,0.38,0.35,0.51,0.60,0.55,0.56,0.46,0.23,0.39,0.70,0.63,0.54,0.48,0.36,0.62,0.52,0.58,0.70,0.87,0.59,0.43,0.48,0.38,0.51,0.80,0.41,0.80,0.71,0.54,0.86,0.62,0.58,0.62,0.37,0.41,0.53,0.41,0.77,0.46,0.45,0.44,0.55,0.56,0.51,0.79,0.63,0.59,0.47,0.49,0.44,0.44,0.57,0.40,0.54,0.60,0.43,0.32,0.63,0.40,0.47,0.54,0.54,0.46,0.36,0.66,0.47,0.86,0.78,0.41,0.43,0.48,0.85,0.38,0.49,0.46,0.44,0.64,0.69,0.77,0.64,0.52,0.63,0.56,0.50,0.41,0.83,0.63,0.59,0.67,0.47,0.75,0.66,0.61,0.51,0.81,0.48,0.49,0.47,0.58,0.49,0.45,0.45,0.54,0.66,0.73,0.64,0.75,0.51,0.28,0.45,0.47,0.46,,,,,,,,
7.1 People can access and afford civil justice,0.47,0.52,0.60,0.53,0.77,0.73,0.62,0.70,0.61,0.45,0.75,0.60,0.75,0.53,0.32,0.48,0.58,0.49,0.64,0.73,0.36,0.35,0.44,0.57,0.70,0.66,0.56,0.37,0.68,0.50,0.69,0.66,0.76,0.76,0.52,0.60,0.48,0.60,0.74,0.43,0.67,0.67,0.65,0.78,0.58,0.67,0.59,0.35,0.47,0.56,0.45,0.64,0.55,0.40,0.51,0.62,0.62,0.53,0.70,0.58,0.53,0.42,0.60,0.53,0.50,0.62,0.41,0.45,0.58,0.40,0.38,0.63,0.43,0.50,0.53,0.53,0.46,0.36,0.53,0.48,0.81,0.72,0.49,0.34,0.59,0.71,0.39,0.59,0.53,0.49,0.62,0.69,0.66,0.58,0.58,0.68,0.49,0.60,0.49,0.65,0.70,0.49,0.76,0.47,0.73,0.61,0.67,0.45,0.78,0.46,0.55,0.55,0.60,0.60,0.55,0.43,0.58,0.56,0.53,0.46,0.85,0.46,0.44,0.50,0.46,0.42,,,,,,,,
7.2 Civil justice is free of discrimination,0.18,0.47,0.61,0.62,0.63,0.67,0.70,0.73,0.51,0.36,0.75,0.70,0.84,0.39,0.59,0.37,0.64,0.60,0.62,0.57,0.54,0.17,0.40,0.58,0.60,0.49,0.53,0.45,0.79,0.58,0.67,0.70,0.87,0.55,0.55,0.49,0.32,0.61,0.87,0.33,0.87,0.57,0.47,0.85,0.61,0.61,0.75,0.35,0.49,0.38,0.41,0.67,0.27,0.44,0.27,0.38,0.57,0.53,0.80,0.74,0.48,0.51,0.55,0.41,0.47,0.65,0.46,0.59,0.55,0.48,0.28,0.75,0.33,0.42,0.53,0.53,0.51,0.24,0.65,0.39,0.88,0.70,0.41,0.56,0.52,0.68,0.40,0.46,0.50,0.42,0.79,0.81,0.70,0.72,0.52,0.77,0.68,0.69,0.43,0.86,0.70,0.46,0.72,0.48,0.80,0.72,0.61,0.50,0.69,0.57,0.44,0.60,0.56,0.62,0.29,0.42,0.67,0.61,0.64,0.42,0.84,0.65,0.51,0.57,0.45,0.45,,,,,,,,
7.3 Civil justice is free of corruption,0.15,0.21,0.62,0.53,0.78,0.57,0.87,0.89,0.63,0.37,0.81,0.62,0.82,0.61,0.35,0.24,0.46,0.69,0.69,0.49,0.37,0.10,0.28,0.90,0.66,0.43,0.44,0.17,0.76,0.38,0.58,0.79,0.99,0.76,0.44,0.42,0.48,0.46,0.90,0.33,0.94,0.75,0.59,0.88,0.52,0.72,0.80,0.46,0.14,0.61,0.38,0.96,0.65,0.50,0.39,0.44,0.67,0.71,0.94,0.74,0.53,0.44,0.37,0.41,0.32,0.38,0.29,0.49,0.66,0.09,0.26,0.75,0.34,0.32,0.49,0.42,0.44,0.32,0.81,0.41,0.93,0.93,0.35,0.38,0.49,0.96,0.32,0.46,0.38,0.50,0.77,0.79,0.77,0.63,0.54,0.50,0.52,0.47,0.31,0.85,0.65,0.66,0.71,0.62,0.86,0.77,0.73,0.69,0.91,0.43,0.65,0.32,0.72,0.35,0.51,0.37,0.38,0.80,0.91,0.82,0.81,0.32,0.18,0.34,0.39,0.41,,,,,,,,
7.4 Civil justice is free of improper government influence,0.31,0.32,0.40,0.31,0.75,0.51,0.90,0.86,0.58,0.44,0.78,0.28,0.85,0.49,0.37,0.20,0.45,0.63,0.60,0.43,0.42,0.19,0.26,0.89,0.68,0.22,0.48,0.21,0.71,0.30,0.56,0.76,0.92,0.73,0.36,0.32,0.44,0.44,0.86,0.24,0.88,0.77,0.44,0.91,0.74,0.61,0.71,0.38,0.33,0.58,0.29,0.69,0.36,0.64,0.45,0.47,0.69,0.71,0.77,0.63,0.37,0.52,0.35,0.37,0.44,0.40,0.31,0.68,0.49,0.44,0.19,0.73,0.47,0.31,0.50,0.48,0.34,0.24,0.76,0.49,0.89,0.85,0.17,0.32,0.49,0.93,0.50,0.38,0.49,0.38,0.50,0.78,0.73,0.65,0.32,0.54,0.41,0.34,0.30,0.71,0.55,0.65,0.66,0.51,0.83,0.68,0.62,0.50,0.90,0.42,0.54,0.28,0.71,0.54,0.19,0.47,0.38,0.60,0.84,0.71,0.74,0.30,0.05,0.32,0.43,0.30,,,,,,,,
7.5 Civil justice is not subject to unreasonable delay,0.40,0.47,0.65,0.14,0.43,0.31,0.68,0.72,0.46,0.19,0.28,0.80,0.45,0.46,0.28,0.23,0.33,0.50,0.26,0.39,0.48,0.21,0.42,0.47,0.44,0.76,0.23,0.46,0.21,0.58,0.30,0.50,0.76,0.33,0.26,0.43,0.22,0.40,0.72,0.40,0.62,0.60,0.38,0.83,0.46,0.30,0.40,0.13,0.45,0.44,0.28,0.75,0.33,0.18,0.49,0.56,0.31,0.24,0.71,0.39,0.82,0.31,0.49,0.35,0.37,0.53,0.49,0.44,0.67,0.57,0.41,0.29,0.28,0.49,0.63,0.66,0.32,0.45,0.45,0.53,0.73,0.75,0.42,0.43,0.22,0.83,0.29,0.33,0.19,0.32,0.37,0.42,0.83,0.51,0.70,0.74,0.64,0.31,0.38,0.95,0.46,0.51,0.52,0.34,0.61,0.51,0.43,0.38,0.79,0.36,0.34,0.47,0.34,0.42,0.34,0.36,0.64,0.66,0.67,0.62,0.58,0.73,0.09,0.50,0.39,0.52,,,,,,,,
7.6. Civil justice is effectively enforced,0.59,0.47,0.40,0.37,0.47,0.53,0.76,0.82,0.47,0.37,0.51,0.53,0.79,0.42,0.29,0.35,0.38,0.61,0.41,0.69,0.42,0.23,0.34,0.73,0.62,0.57,0.42,0.29,0.45,0.56,0.52,0.66,0.90,0.35,0.34,0.45,0.24,0.49,0.69,0.51,0.87,0.76,0.54,0.90,0.64,0.43,0.38,0.31,0.50,0.52,0.42,0.80,0.41,0.39,0.39,0.57,0.37,0.26,0.75,0.61,0.70,0.47,0.41,0.45,0.49,0.66,0.33,0.57,0.61,0.50,0.27,0.65,0.40,0.60,0.48,0.48,0.55,0.40,0.71,0.46,0.91,0.69,0.47,0.37,0.43,0.91,0.28,0.52,0.45,0.43,0.59,0.52,0.83,0.63,0.42,0.58,0.60,0.48,0.47,0.96,0.59,0.60,0.54,0.29,0.52,0.49,0.46,0.68,0.92,0.51,0.41,0.46,0.43,0.31,0.56,0.46,0.48,0.74,0.72,0.68,0.65,0.42,0.21,0.41,0.66,0.58,,,,,,,,
"7.7 Alternative dispute resolution mechanisms are accessible, impartial, and effective",0.53,0.65,0.59,0.62,0.81,0.76,0.83,0.75,0.77,0.55,0.69,0.65,0.78,0.62,0.47,0.58,0.72,0.68,0.62,0.63,0.61,0.37,0.57,0.78,0.75,0.67,0.71,0.56,0.76,0.70,0.73,0.81,0.86,0.63,0.58,0.67,0.49,0.59,0.83,0.60,0.75,0.83,0.71,0.86,0.75,0.71,0.69,0.62,0.51,0.63,0.67,0.89,0.62,0.58,0.57,0.79,0.69,0.61,0.88,0.76,0.73,0.64,0.63,0.53,0.50,0.72,0.54,0.55,0.61,0.48,0.49,0.65,0.56,0.63,0.64,0.66,0.61,0.50,0.74,0.53,0.85,0.81,0.58,0.61,0.67,0.96,0.48,0.67,0.71,0.57,0.81,0.81,0.86,0.79,0.55,0.62,0.59,0.60,0.48,0.81,0.72,0.75,0.80,0.59,0.89,0.82,0.79,0.38,0.66,0.59,0.48,0.63,0.67,0.59,0.69,0.62,0.65,0.66,0.78,0.77,0.75,0.66,0.45,0.53,0.47,0.54,,,,,,,,
Factor 8: Criminal Justice,0.28,0.47,0.43,0.35,0.56,0.45,0.73,0.80,0.62,0.34,0.58,0.48,0.72,0.34,0.44,0.21,0.50,0.57,0.35,0.45,0.47,0.25,0.28,0.73,0.57,0.47,0.33,0.27,0.55,0.38,0.51,0.70,0.83,0.55,0.34,0.35,0.41,0.29,0.71,0.33,0.84,0.63,0.52,0.78,0.49,0.51,0.50,0.32,0.31,0.38,0.26,0.71,0.48,0.40,0.37,0.42,0.64,0.50,0.74,0.58,0.44,0.38,0.31,0.38,0.32,0.47,0.34,0.45,0.54,0.28,0.30,0.53,0.29,0.34,0.50,0.38,0.34,0.29,0.54,0.44,0.76,0.72,0.28,0.34,0.43,0.83,0.35,0.31,0.33,0.31,0.61,0.60,0.71,0.57,0.34,0.55,0.45,0.38,0.36,0.78,0.55,0.52,0.66,0.45,0.57,0.57,0.60,0.53,0.81,0.38,0.42,0.36,0.35,0.43,0.38,0.33,0.37,0.67,0.75,0.63,0.54,0.44,0.14,0.46,0.43,0.37,,,,,,,,
8.1 Criminal investigation system is effective,0.30,0.44,0.31,0.32,0.50,0.25,0.68,0.65,0.53,0.35,0.52,0.56,0.60,0.34,0.38,0.20,0.43,0.39,0.30,0.36,0.40,0.34,0.31,0.70,0.36,0.57,0.17,0.24,0.41,0.32,0.47,0.63,0.66,0.48,0.31,0.29,0.41,0.16,0.59,0.35,0.61,0.59,0.37,0.60,0.42,0.52,0.48,0.23,0.26,0.36,0.19,0.70,0.52,0.27,0.34,0.30,0.48,0.43,0.66,0.47,0.46,0.34,0.38,0.49,0.29,0.47,0.34,0.35,0.62,0.25,0.25,0.40,0.22,0.25,0.41,0.45,0.26,0.40,0.37,0.47,0.55,0.59,0.31,0.24,0.42,0.65,0.27,0.32,0.24,0.41,0.53,0.49,0.60,0.56,0.24,0.45,0.53,0.36,0.42,0.82,0.44,0.39,0.58,0.41,0.40,0.44,0.45,0.44,0.53,0.40,0.40,0.32,0.23,0.43,0.44,0.31,0.28,0.71,0.68,0.67,0.39,0.51,0.13,0.47,0.53,0.41,,,,,,,,
8.2 Criminal adjudication system is timely and effective,0.38,0.44,0.41,0.37,0.56,0.42,0.72,0.81,0.55,0.45,0.40,0.62,0.67,0.29,0.36,0.13,0.58,0.53,0.28,0.53,0.47,0.37,0.31,0.71,0.60,0.57,0.31,0.39,0.44,0.50,0.48,0.68,0.77,0.43,0.40,0.42,0.43,0.31,0.56,0.36,0.79,0.64,0.55,0.76,0.52,0.45,0.53,0.25,0.28,0.41,0.28,0.70,0.57,0.37,0.50,0.49,0.59,0.37,0.64,0.69,0.63,0.41,0.49,0.44,0.28,0.50,0.48,0.49,0.57,0.29,0.44,0.42,0.31,0.45,0.59,0.42,0.29,0.36,0.38,0.56,0.70,0.72,0.45,0.36,0.43,0.75,0.34,0.31,0.25,0.30,0.57,0.45,0.79,0.50,0.36,0.61,0.46,0.45,0.31,0.79,0.48,0.52,0.56,0.39,0.51,0.43,0.55,0.58,0.73,0.40,0.39,0.42,0.26,0.48,0.38,0.39,0.42,0.70,0.74,0.68,0.46,0.70,0.13,0.53,0.50,0.51,,,,,,,,
8.3 Correctional system is effective in reducing criminal behavior,0.26,0.42,0.44,0.30,0.52,0.36,0.62,0.82,0.46,0.35,0.56,0.43,0.56,0.24,0.37,0.14,0.45,0.57,0.18,0.31,0.34,0.26,0.14,0.61,0.33,0.50,0.28,0.14,0.33,0.30,0.44,0.54,0.75,0.32,0.19,0.30,0.28,0.18,0.62,0.39,0.86,0.51,0.60,0.76,0.33,0.30,0.39,0.09,0.24,0.15,0.14,0.75,0.41,0.39,0.25,0.55,0.53,0.27,0.81,0.54,0.40,0.37,0.22,0.33,0.22,0.37,0.20,0.30,0.55,0.26,0.32,0.48,0.18,0.36,0.50,0.38,0.15,0.27,0.46,0.39,0.78,0.64,0.26,0.23,0.33,0.86,0.28,0.19,0.23,0.19,0.60,0.51,0.68,0.40,0.38,0.45,0.32,0.36,0.22,0.88,0.50,0.31,0.71,0.32,0.38,0.48,0.59,0.37,0.85,0.21,0.27,0.27,0.19,0.39,0.42,0.42,0.40,0.77,0.60,0.49,0.29,0.57,0.04,0.45,0.23,0.35,,,,,,,,
8.4 Criminal system is impartial,0.20,0.66,0.62,0.39,0.49,0.60,0.60,0.69,0.59,0.33,0.40,0.61,0.69,0.32,0.69,0.29,0.54,0.62,0.18,0.53,0.61,0.21,0.43,0.56,0.57,0.34,0.30,0.48,0.65,0.54,0.40,0.70,0.82,0.63,0.33,0.33,0.49,0.24,0.71,0.35,0.81,0.59,0.50,0.73,0.60,0.47,0.46,0.39,0.53,0.36,0.27,0.68,0.26,0.34,0.24,0.43,0.62,0.54,0.74,0.60,0.33,0.34,0.31,0.21,0.37,0.50,0.39,0.48,0.47,0.26,0.31,0.49,0.26,0.39,0.54,0.35,0.51,0.19,0.62,0.37,0.73,0.59,0.21,0.58,0.56,0.76,0.30,0.25,0.48,0.23,0.63,0.50,0.69,0.63,0.38,0.71,0.55,0.38,0.52,0.79,0.50,0.55,0.59,0.61,0.62,0.59,0.54,0.53,0.81,0.47,0.33,0.53,0.41,0.35,0.33,0.31,0.48,0.57,0.66,0.36,0.52,0.34,0.14,0.49,0.50,0.36,,,,,,,,
8.5 Criminal system is free of corruption,0.24,0.35,0.47,0.46,0.68,0.48,0.85,0.88,0.78,0.34,0.76,0.54,0.83,0.51,0.42,0.23,0.52,0.68,0.55,0.48,0.47,0.17,0.27,0.84,0.68,0.58,0.39,0.20,0.67,0.42,0.61,0.74,0.99,0.74,0.41,0.43,0.44,0.38,0.88,0.42,0.94,0.77,0.73,0.85,0.42,0.69,0.65,0.46,0.29,0.52,0.40,0.88,0.64,0.47,0.45,0.43,0.75,0.69,0.91,0.69,0.46,0.31,0.29,0.46,0.38,0.53,0.33,0.46,0.65,0.24,0.31,0.68,0.29,0.34,0.55,0.41,0.42,0.41,0.64,0.52,0.89,0.89,0.38,0.46,0.36,0.96,0.36,0.45,0.30,0.49,0.80,0.79,0.66,0.66,0.48,0.64,0.59,0.42,0.39,0.91,0.67,0.59,0.75,0.60,0.77,0.72,0.74,0.65,0.92,0.43,0.61,0.36,0.57,0.46,0.59,0.27,0.31,0.80,0.87,0.79,0.77,0.38,0.28,0.51,0.42,0.33,,,,,,,,
8.6 Criminal system is free of improper government influence,0.30,0.37,0.23,0.32,0.57,0.49,0.91,0.91,0.86,0.27,0.81,0.15,0.87,0.32,0.35,0.15,0.36,0.62,0.59,0.38,0.50,0.17,0.17,0.93,0.78,0.20,0.45,0.16,0.66,0.19,0.52,0.84,0.95,0.63,0.32,0.25,0.43,0.42,0.83,0.13,0.98,0.63,0.28,0.92,0.66,0.61,0.57,0.42,0.24,0.51,0.21,0.57,0.37,0.57,0.44,0.28,0.82,0.73,0.70,0.60,0.33,0.50,0.16,0.27,0.35,0.39,0.33,0.65,0.39,0.30,0.09,0.65,0.36,0.15,0.39,0.27,0.52,0.19,0.77,0.40,0.86,0.85,0.07,0.09,0.51,0.92,0.61,0.20,0.41,0.23,0.50,0.84,0.74,0.61,0.15,0.46,0.21,0.23,0.23,0.54,0.54,0.73,0.65,0.38,0.74,0.76,0.75,0.66,0.90,0.41,0.54,0.18,0.51,0.43,0.06,0.30,0.28,0.45,0.88,0.79,0.71,0.24,0.03,0.33,0.45,0.23,,,,,,,,
8.7. Due process of the law and rights of the accused,0.29,0.57,0.52,0.29,0.60,0.58,0.76,0.82,0.59,0.26,0.57,0.46,0.80,0.35,0.51,0.33,0.64,0.56,0.36,0.55,0.47,0.25,0.34,0.79,0.64,0.51,0.40,0.31,0.70,0.38,0.62,0.77,0.88,0.59,0.40,0.42,0.36,0.32,0.78,0.32,0.92,0.68,0.59,0.82,0.46,0.56,0.43,0.40,0.35,0.37,0.31,0.70,0.58,0.41,0.40,0.45,0.70,0.50,0.74,0.48,0.45,0.38,0.33,0.45,0.37,0.56,0.34,0.39,0.54,0.35,0.40,0.56,0.42,0.46,0.49,0.38,0.26,0.20,0.56,0.40,0.84,0.76,0.28,0.40,0.37,0.91,0.30,0.48,0.41,0.31,0.64,0.66,0.78,0.62,0.38,0.50,0.45,0.46,0.40,0.74,0.70,0.55,0.78,0.41,0.59,0.56,0.60,0.47,0.92,0.32,0.40,0.44,0.31,0.44,0.42,0.30,0.45,0.72,0.81,0.63,0.62,0.35,0.19,0.44,0.42,0.36,,,,,,,,
,,,,,,,,,,,,,,,,,,,,,,,,,,,,,,,,,,,,,,,,,,,,,,,,,,,,,,,,,,,,,,,,,,,,,,,,,,,,,,,,,,,,,,,,,,,,,,,,,,,,,,,,,,,,,,,,,,,,,,,,,,,,,,,,,,,,,,
,,,,,,,,,,,,,,,,,,,,,,,,,,,,,,,,,,,,,,,,,,,,,,,,,,,,,,,,,,,,,,,,,,,,,,,,,,,,,,,,,,,,,,,,,,,,,,,,,,,,,,,,,,,,,,,,,,,,,,,,,,,,,,,,,,,,,,
,,,,,,,,,,,,,,,,,,,,,,,,,,,,,,,,,,,,,,,,,,,,,,,,,,,,,,,,,,,,,,,,,,,,,,,,,,,,,,,,,,,,,,,,,,,,,,,,,,,,,,,,,,,,,,,,,,,,,,,,,,,,,,,,,,,,,,
,,,,,,,,,,,,,,,,,,,,,,,,,,,,,,,,,,,,,,,,,,,,,,,,,,,,,,,,,,,,,,,,,,,,,,,,,,,,,,,,,,,,,,,,,,,,,,,,,,,,,,,,,,,,,,,,,,,,,,,,,,,,,,,,,,,,,,
,,,,,,,,,,,,,,,,,,,,,,,,,,,,,,,,,,,,,,,,,,,,,,,,,,,,,,,,,,,,,,,,,,,,,,,,,,,,,,,,,,,,,,,,,,,,,,,,,,,,,,,,,,,,,,,,,,,,,,,,,,,,,,,,,,,,,,
,,,,,,,,,,,,,,,,,,,,,,,,,,,,,,,,,,,,,,,,,,,,,,,,,,,,,,,,,,,,,,,,,,,,,,,,,,,,,,,,,,,,,,,,,,,,,,,,,,,,,,,,,,,,,,,,,,,,,,,,,,,,,,,,,,,,,,
,,,,,,,,,,,,,,,,,,,,,,,,,,,,,,,,,,,,,,,,,,,,,,,,,,,,,,,,,,,,,,,,,,,,,,,,,,,,,,,,,,,,,,,,,,,,,,,,,,,,,,,,,,,,,,,,,,,,,,,,,,,,,,,,,,,,,,
,,,,,,,,,,,,,,,,,,,,,,,,,,,,,,,,,,,,,,,,,,,,,,,,,,,,,,,,,,,,,,,,,,,,,,,,,,,,,,,,,,,,,,,,,,,,,,,,,,,,,,,,,,,,,,,,,,,,,,,,,,,,,,,,,,,,,,
,,,,,,,,,,,,,,,,,,,,,,,,,,,,,,,,,,,,,,,,,,,,,,,,,,,,,,,,,,,,,,,,,,,,,,,,,,,,,,,,,,,,,,,,,,,,,,,,,,,,,,,,,,,,,,,,,,,,,,,,,,,,,,,,,,,,,,
,,,,,,,,,,,,,,,,,,,,,,,,,,,,,,,,,,,,,,,,,,,,,,,,,,,,,,,,,,,,,,,,,,,,,,,,,,,,,,,,,,,,,,,,,,,,,,,,,,,,,,,,,,,,,,,,,,,,,,,,,,,,,,,,,,,,,,
,,,,,,,,,,,,,,,,,,,,,,,,,,,,,,,,,,,,,,,,,,,,,,,,,,,,,,,,,,,,,,,,,,,,,,,,,,,,,,,,,,,,,,,,,,,,,,,,,,,,,,,,,,,,,,,,,,,,,,,,,,,,,,,,,,,,,,
,,,,,,,,,,,,,,,,,,,,,,,,,,,,,,,,,,,,,,,,,,,,,,,,,,,,,,,,,,,,,,,,,,,,,,,,,,,,,,,,,,,,,,,,,,,,,,,,,,,,,,,,,,,,,,,,,,,,,,,,,,,,,,,,,,,,,,
,,,,,,,,,,,,,,,,,,,,,,,,,,,,,,,,,,,,,,,,,,,,,,,,,,,,,,,,,,,,,,,,,,,,,,,,,,,,,,,,,,,,,,,,,,,,,,,,,,,,,,,,,,,,,,,,,,,,,,,,,,,,,,,,,,,,,,
,,,,,,,,,,,,,,,,,,,,,,,,,,,,,,,,,,,,,,,,,,,,,,,,,,,,,,,,,,,,,,,,,,,,,,,,,,,,,,,,,,,,,,,,,,,,,,,,,,,,,,,,,,,,,,,,,,,,,,,,,,,,,,,,,,,,,,
,,,,,,,,,,,,,,,,,,,,,,,,,,,,,,,,,,,,,,,,,,,,,,,,,,,,,,,,,,,,,,,,,,,,,,,,,,,,,,,,,,,,,,,,,,,,,,,,,,,,,,,,,,,,,,,,,,,,,,,,,,,,,,,,,,,,,,
,,,,,,,,,,,,,,,,,,,,,,,,,,,,,,,,,,,,,,,,,,,,,,,,,,,,,,,,,,,,,,,,,,,,,,,,,,,,,,,,,,,,,,,,,,,,,,,,,,,,,,,,,,,,,,,,,,,,,,,,,,,,,,,,,,,,,,
,,,,,,,,,,,,,,,,,,,,,,,,,,,,,,,,,,,,,,,,,,,,,,,,,,,,,,,,,,,,,,,,,,,,,,,,,,,,,,,,,,,,,,,,,,,,,,,,,,,,,,,,,,,,,,,,,,,,,,,,,,,,,,,,,,,,,,
,,,,,,,,,,,,,,,,,,,,,,,,,,,,,,,,,,,,,,,,,,,,,,,,,,,,,,,,,,,,,,,,,,,,,,,,,,,,,,,,,,,,,,,,,,,,,,,,,,,,,,,,,,,,,,,,,,,,,,,,,,,,,,,,,,,,,,
,,,,,,,,,,,,,,,,,,,,,,,,,,,,,,,,,,,,,,,,,,,,,,,,,,,,,,,,,,,,,,,,,,,,,,,,,,,,,,,,,,,,,,,,,,,,,,,,,,,,,,,,,,,,,,,,,,,,,,,,,,,,,,,,,,,,,,
,,,,,,,,,,,,,,,,,,,,,,,,,,,,,,,,,,,,,,,,,,,,,,,,,,,,,,,,,,,,,,,,,,,,,,,,,,,,,,,,,,,,,,,,,,,,,,,,,,,,,,,,,,,,,,,,,,,,,,,,,,,,,,,,,,,,,,
,,,,,,,,,,,,,,,,,,,,,,,,,,,,,,,,,,,,,,,,,,,,,,,,,,,,,,,,,,,,,,,,,,,,,,,,,,,,,,,,,,,,,,,,,,,,,,,,,,,,,,,,,,,,,,,,,,,,,,,,,,,,,,,,,,,,,,
,,,,,,,,,,,,,,,,,,,,,,,,,,,,,,,,,,,,,,,,,,,,,,,,,,,,,,,,,,,,,,,,,,,,,,,,,,,,,,,,,,,,,,,,,,,,,,,,,,,,,,,,,,,,,,,,,,,,,,,,,,,,,,,,,,,,,,
,,,,,,,,,,,,,,,,,,,,,,,,,,,,,,,,,,,,,,,,,,,,,,,,,,,,,,,,,,,,,,,,,,,,,,,,,,,,,,,,,,,,,,,,,,,,,,,,,,,,,,,,,,,,,,,,,,,,,,,,,,,,,,,,,,,,,,
,,,,,,,,,,,,,,,,,,,,,,,,,,,,,,,,,,,,,,,,,,,,,,,,,,,,,,,,,,,,,,,,,,,,,,,,,,,,,,,,,,,,,,,,,,,,,,,,,,,,,,,,,,,,,,,,,,,,,,,,,,,,,,,,,,,,,,
,,,,,,,,,,,,,,,,,,,,,,,,,,,,,,,,,,,,,,,,,,,,,,,,,,,,,,,,,,,,,,,,,,,,,,,,,,,,,,,,,,,,,,,,,,,,,,,,,,,,,,,,,,,,,,,,,,,,,,,,,,,,,,,,,,,,,,
,,,,,,,,,,,,,,,,,,,,,,,,,,,,,,,,,,,,,,,,,,,,,,,,,,,,,,,,,,,,,,,,,,,,,,,,,,,,,,,,,,,,,,,,,,,,,,,,,,,,,,,,,,,,,,,,,,,,,,,,,,,,,,,,,,,,,,
,,,,,,,,,,,,,,,,,,,,,,,,,,,,,,,,,,,,,,,,,,,,,,,,,,,,,,,,,,,,,,,,,,,,,,,,,,,,,,,,,,,,,,,,,,,,,,,,,,,,,,,,,,,,,,,,,,,,,,,,,,,,,,,,,,,,,,
,,,,,,,,,,,,,,,,,,,,,,,,,,,,,,,,,,,,,,,,,,,,,,,,,,,,,,,,,,,,,,,,,,,,,,,,,,,,,,,,,,,,,,,,,,,,,,,,,,,,,,,,,,,,,,,,,,,,,,,,,,,,,,,,,,,,,,
,,,,,,,,,,,,,,,,,,,,,,,,,,,,,,,,,,,,,,,,,,,,,,,,,,,,,,,,,,,,,,,,,,,,,,,,,,,,,,,,,,,,,,,,,,,,,,,,,,,,,,,,,,,,,,,,,,,,,,,,,,,,,,,,,,,,,,
,,,,,,,,,,,,,,,,,,,,,,,,,,,,,,,,,,,,,,,,,,,,,,,,,,,,,,,,,,,,,,,,,,,,,,,,,,,,,,,,,,,,,,,,,,,,,,,,,,,,,,,,,,,,,,,,,,,,,,,,,,,,,,,,,,,,,,
,,,,,,,,,,,,,,,,,,,,,,,,,,,,,,,,,,,,,,,,,,,,,,,,,,,,,,,,,,,,,,,,,,,,,,,,,,,,,,,,,,,,,,,,,,,,,,,,,,,,,,,,,,,,,,,,,,,,,,,,,,,,,,,,,,,,,,
,,,,,,,,,,,,,,,,,,,,,,,,,,,,,,,,,,,,,,,,,,,,,,,,,,,,,,,,,,,,,,,,,,,,,,,,,,,,,,,,,,,,,,,,,,,,,,,,,,,,,,,,,,,,,,,,,,,,,,,,,,,,,,,,,,,,,,
,,,,,,,,,,,,,,,,,,,,,,,,,,,,,,,,,,,,,,,,,,,,,,,,,,,,,,,,,,,,,,,,,,,,,,,,,,,,,,,,,,,,,,,,,,,,,,,,,,,,,,,,,,,,,,,,,,,,,,,,,,,,,,,,,,,,,,
,,,,,,,,,,,,,,,,,,,,,,,,,,,,,,,,,,,,,,,,,,,,,,,,,,,,,,,,,,,,,,,,,,,,,,,,,,,,,,,,,,,,,,,,,,,,,,,,,,,,,,,,,,,,,,,,,,,,,,,,,,,,,,,,,,,,,,
,,,,,,,,,,,,,,,,,,,,,,,,,,,,,,,,,,,,,,,,,,,,,,,,,,,,,,,,,,,,,,,,,,,,,,,,,,,,,,,,,,,,,,,,,,,,,,,,,,,,,,,,,,,,,,,,,,,,,,,,,,,,,,,,,,,,,,
,,,,,,,,,,,,,,,,,,,,,,,,,,,,,,,,,,,,,,,,,,,,,,,,,,,,,,,,,,,,,,,,,,,,,,,,,,,,,,,,,,,,,,,,,,,,,,,,,,,,,,,,,,,,,,,,,,,,,,,,,,,,,,,,,,,,,,
,,,,,,,,,,,,,,,,,,,,,,,,,,,,,,,,,,,,,,,,,,,,,,,,,,,,,,,,,,,,,,,,,,,,,,,,,,,,,,,,,,,,,,,,,,,,,,,,,,,,,,,,,,,,,,,,,,,,,,,,,,,,,,,,,,,,,,
,,,,,,,,,,,,,,,,,,,,,,,,,,,,,,,,,,,,,,,,,,,,,,,,,,,,,,,,,,,,,,,,,,,,,,,,,,,,,,,,,,,,,,,,,,,,,,,,,,,,,,,,,,,,,,,,,,,,,,,,,,,,,,,,,,,,,,
,,,,,,,,,,,,,,,,,,,,,,,,,,,,,,,,,,,,,,,,,,,,,,,,,,,,,,,,,,,,,,,,,,,,,,,,,,,,,,,,,,,,,,,,,,,,,,,,,,,,,,,,,,,,,,,,,,,,,,,,,,,,,,,,,,,,,,
,,,,,,,,,,,,,,,,,,,,,,,,,,,,,,,,,,,,,,,,,,,,,,,,,,,,,,,,,,,,,,,,,,,,,,,,,,,,,,,,,,,,,,,,,,,,,,,,,,,,,,,,,,,,,,,,,,,,,,,,,,,,,,,,,,,,,,
,,,,,,,,,,,,,,,,,,,,,,,,,,,,,,,,,,,,,,,,,,,,,,,,,,,,,,,,,,,,,,,,,,,,,,,,,,,,,,,,,,,,,,,,,,,,,,,,,,,,,,,,,,,,,,,,,,,,,,,,,,,,,,,,,,,,,,
,,,,,,,,,,,,,,,,,,,,,,,,,,,,,,,,,,,,,,,,,,,,,,,,,,,,,,,,,,,,,,,,,,,,,,,,,,,,,,,,,,,,,,,,,,,,,,,,,,,,,,,,,,,,,,,,,,,,,,,,,,,,,,,,,,,,,,
,,,,,,,,,,,,,,,,,,,,,,,,,,,,,,,,,,,,,,,,,,,,,,,,,,,,,,,,,,,,,,,,,,,,,,,,,,,,,,,,,,,,,,,,,,,,,,,,,,,,,,,,,,,,,,,,,,,,,,,,,,,,,,,,,,,,,,
,,,,,,,,,,,,,,,,,,,,,,,,,,,,,,,,,,,,,,,,,,,,,,,,,,,,,,,,,,,,,,,,,,,,,,,,,,,,,,,,,,,,,,,,,,,,,,,,,,,,,,,,,,,,,,,,,,,,,,,,,,,,,,,,,,,,,,
,,,,,,,,,,,,,,,,,,,,,,,,,,,,,,,,,,,,,,,,,,,,,,,,,,,,,,,,,,,,,,,,,,,,,,,,,,,,,,,,,,,,,,,,,,,,,,,,,,,,,,,,,,,,,,,,,,,,,,,,,,,,,,,,,,,,,,
,,,,,,,,,,,,,,,,,,,,,,,,,,,,,,,,,,,,,,,,,,,,,,,,,,,,,,,,,,,,,,,,,,,,,,,,,,,,,,,,,,,,,,,,,,,,,,,,,,,,,,,,,,,,,,,,,,,,,,,,,,,,,,,,,,,,,,
,,,,,,,,,,,,,,,,,,,,,,,,,,,,,,,,,,,,,,,,,,,,,,,,,,,,,,,,,,,,,,,,,,,,,,,,,,,,,,,,,,,,,,,,,,,,,,,,,,,,,,,,,,,,,,,,,,,,,,,,,,,,,,,,,,,,,,
,,,,,,,,,,,,,,,,,,,,,,,,,,,,,,,,,,,,,,,,,,,,,,,,,,,,,,,,,,,,,,,,,,,,,,,,,,,,,,,,,,,,,,,,,,,,,,,,,,,,,,,,,,,,,,,,,,,,,,,,,,,,,,,,,,,,,,
,,,,,,,,,,,,,,,,,,,,,,,,,,,,,,,,,,,,,,,,,,,,,,,,,,,,,,,,,,,,,,,,,,,,,,,,,,,,,,,,,,,,,,,,,,,,,,,,,,,,,,,,,,,,,,,,,,,,,,,,,,,,,,,,,,,,,,
,,,,,,,,,,,,,,,,,,,,,,,,,,,,,,,,,,,,,,,,,,,,,,,,,,,,,,,,,,,,,,,,,,,,,,,,,,,,,,,,,,,,,,,,,,,,,,,,,,,,,,,,,,,,,,,,,,,,,,,,,,,,,,,,,,,,,,
,,,,,,,,,,,,,,,,,,,,,,,,,,,,,,,,,,,,,,,,,,,,,,,,,,,,,,,,,,,,,,,,,,,,,,,,,,,,,,,,,,,,,,,,,,,,,,,,,,,,,,,,,,,,,,,,,,,,,,,,,,,,,,,,,,,,,,
,,,,,,,,,,,,,,,,,,,,,,,,,,,,,,,,,,,,,,,,,,,,,,,,,,,,,,,,,,,,,,,,,,,,,,,,,,,,,,,,,,,,,,,,,,,,,,,,,,,,,,,,,,,,,,,,,,,,,,,,,,,,,,,,,,,,,,
,,,,,,,,,,,,,,,,,,,,,,,,,,,,,,,,,,,,,,,,,,,,,,,,,,,,,,,,,,,,,,,,,,,,,,,,,,,,,,,,,,,,,,,,,,,,,,,,,,,,,,,,,,,,,,,,,,,,,,,,,,,,,,,,,,,,,,
,,,,,,,,,,,,,,,,,,,,,,,,,,,,,,,,,,,,,,,,,,,,,,,,,,,,,,,,,,,,,,,,,,,,,,,,,,,,,,,,,,,,,,,,,,,,,,,,,,,,,,,,,,,,,,,,,,,,,,,,,,,,,,,,,,,,,,
,,,,,,,,,,,,,,,,,,,,,,,,,,,,,,,,,,,,,,,,,,,,,,,,,,,,,,,,,,,,,,,,,,,,,,,,,,,,,,,,,,,,,,,,,,,,,,,,,,,,,,,,,,,,,,,,,,,,,,,,,,,,,,,,,,,,,,
,,,,,,,,,,,,,,,,,,,,,,,,,,,,,,,,,,,,,,,,,,,,,,,,,,,,,,,,,,,,,,,,,,,,,,,,,,,,,,,,,,,,,,,,,,,,,,,,,,,,,,,,,,,,,,,,,,,,,,,,,,,,,,,,,,,,,,
,,,,,,,,,,,,,,,,,,,,,,,,,,,,,,,,,,,,,,,,,,,,,,,,,,,,,,,,,,,,,,,,,,,,,,,,,,,,,,,,,,,,,,,,,,,,,,,,,,,,,,,,,,,,,,,,,,,,,,,,,,,,,,,,,,,,,,
,,,,,,,,,,,,,,,,,,,,,,,,,,,,,,,,,,,,,,,,,,,,,,,,,,,,,,,,,,,,,,,,,,,,,,,,,,,,,,,,,,,,,,,,,,,,,,,,,,,,,,,,,,,,,,,,,,,,,,,,,,,,,,,,,,,,,,
,,,,,,,,,,,,,,,,,,,,,,,,,,,,,,,,,,,,,,,,,,,,,,,,,,,,,,,,,,,,,,,,,,,,,,,,,,,,,,,,,,,,,,,,,,,,,,,,,,,,,,,,,,,,,,,,,,,,,,,,,,,,,,,,,,,,,,
,,,,,,,,,,,,,,,,,,,,,,,,,,,,,,,,,,,,,,,,,,,,,,,,,,,,,,,,,,,,,,,,,,,,,,,,,,,,,,,,,,,,,,,,,,,,,,,,,,,,,,,,,,,,,,,,,,,,,,,,,,,,,,,,,,,,,,
,,,,,,,,,,,,,,,,,,,,,,,,,,,,,,,,,,,,,,,,,,,,,,,,,,,,,,,,,,,,,,,,,,,,,,,,,,,,,,,,,,,,,,,,,,,,,,,,,,,,,,,,,,,,,,,,,,,,,,,,,,,,,,,,,,,,,,
,,,,,,,,,,,,,,,,,,,,,,,,,,,,,,,,,,,,,,,,,,,,,,,,,,,,,,,,,,,,,,,,,,,,,,,,,,,,,,,,,,,,,,,,,,,,,,,,,,,,,,,,,,,,,,,,,,,,,,,,,,,,,,,,,,,,,,
,,,,,,,,,,,,,,,,,,,,,,,,,,,,,,,,,,,,,,,,,,,,,,,,,,,,,,,,,,,,,,,,,,,,,,,,,,,,,,,,,,,,,,,,,,,,,,,,,,,,,,,,,,,,,,,,,,,,,,,,,,,,,,,,,,,,,,
,,,,,,,,,,,,,,,,,,,,,,,,,,,,,,,,,,,,,,,,,,,,,,,,,,,,,,,,,,,,,,,,,,,,,,,,,,,,,,,,,,,,,,,,,,,,,,,,,,,,,,,,,,,,,,,,,,,,,,,,,,,,,,,,,,,,,,
,,,,,,,,,,,,,,,,,,,,,,,,,,,,,,,,,,,,,,,,,,,,,,,,,,,,,,,,,,,,,,,,,,,,,,,,,,,,,,,,,,,,,,,,,,,,,,,,,,,,,,,,,,,,,,,,,,,,,,,,,,,,,,,,,,,,,,
,,,,,,,,,,,,,,,,,,,,,,,,,,,,,,,,,,,,,,,,,,,,,,,,,,,,,,,,,,,,,,,,,,,,,,,,,,,,,,,,,,,,,,,,,,,,,,,,,,,,,,,,,,,,,,,,,,,,,,,,,,,,,,,,,,,,,,
,,,,,,,,,,,,,,,,,,,,,,,,,,,,,,,,,,,,,,,,,,,,,,,,,,,,,,,,,,,,,,,,,,,,,,,,,,,,,,,,,,,,,,,,,,,,,,,,,,,,,,,,,,,,,,,,,,,,,,,,,,,,,,,,,,,,,,
,,,,,,,,,,,,,,,,,,,,,,,,,,,,,,,,,,,,,,,,,,,,,,,,,,,,,,,,,,,,,,,,,,,,,,,,,,,,,,,,,,,,,,,,,,,,,,,,,,,,,,,,,,,,,,,,,,,,,,,,,,,,,,,,,,,,,,
,,,,,,,,,,,,,,,,,,,,,,,,,,,,,,,,,,,,,,,,,,,,,,,,,,,,,,,,,,,,,,,,,,,,,,,,,,,,,,,,,,,,,,,,,,,,,,,,,,,,,,,,,,,,,,,,,,,,,,,,,,,,,,,,,,,,,,
,,,,,,,,,,,,,,,,,,,,,,,,,,,,,,,,,,,,,,,,,,,,,,,,,,,,,,,,,,,,,,,,,,,,,,,,,,,,,,,,,,,,,,,,,,,,,,,,,,,,,,,,,,,,,,,,,,,,,,,,,,,,,,,,,,,,,,
,,,,,,,,,,,,,,,,,,,,,,,,,,,,,,,,,,,,,,,,,,,,,,,,,,,,,,,,,,,,,,,,,,,,,,,,,,,,,,,,,,,,,,,,,,,,,,,,,,,,,,,,,,,,,,,,,,,,,,,,,,,,,,,,,,,,,,